City_ID,City,Country,Date,Lat,Lng,Max Temp,Humidity,Cloudiness,Wind Speed
0,Yellowknife,CA,2022-07-20 22:41:22,62.456,-114.3525,68.52,42,75,13.8
1,Moroleon,MX,2022-07-20 22:48:07,20.1333,-101.2,83.25,31,88,2.89
2,Ushuaia,AR,2022-07-20 22:44:28,-54.8,-68.3,31.66,86,100,18.41
3,Nanortalik,GL,2022-07-20 22:48:08,60.1432,-45.2371,49.93,86,23,13.67
4,Maputo,MZ,2022-07-20 22:48:08,-25.9653,32.5892,67.68,88,75,6.91
5,Qaanaaq,GL,2022-07-20 22:41:14,77.484,-69.3632,40.91,80,100,2.37
6,Coahuayana,MX,2022-07-20 22:45:24,18.7333,-103.6833,90.34,62,43,5.59
7,Georgetown,MY,2022-07-20 22:43:53,5.4112,100.3354,80.89,90,20,3.44
8,Mahebourg,MU,2022-07-20 22:39:04,-20.4081,57.7,68.29,73,40,14.97
9,Dikson,RU,2022-07-20 22:41:45,73.5069,80.5464,40.77,76,47,26.84
10,Trapani,IT,2022-07-20 22:48:11,37.8333,12.6667,79.27,73,0,2.3
11,Stromness,GB,2022-07-20 22:48:12,58.965,-3.296,54.88,89,100,7.0
12,Vanavara,RU,2022-07-20 22:48:12,60.34,102.2797,57.54,80,40,5.12
13,Dunedin,NZ,2022-07-20 22:45:29,-45.8742,170.5036,44.8,68,100,11.01
14,Puerto Ayora,EC,2022-07-20 22:41:23,-0.7393,-90.3518,75.16,100,93,8.01
15,Sabancuy,MX,2022-07-20 22:46:22,18.9667,-91.1833,85.12,70,48,10.76
16,Cherskiy,RU,2022-07-20 22:39:55,68.75,161.3,45.95,46,13,16.4
17,Fort Nelson,CA,2022-07-20 22:46:08,58.8053,-122.7002,76.59,33,40,5.75
18,Paramonga,PE,2022-07-20 22:48:14,-10.6667,-77.8333,62.85,81,15,11.72
19,Rikitea,PF,2022-07-20 22:44:40,-23.1203,-134.9692,73.47,74,0,3.6
20,Laela,TZ,2022-07-20 22:48:15,-8.5667,32.05,59.36,63,90,2.19
21,Saskylakh,RU,2022-07-20 22:47:02,71.9167,114.0833,44.82,69,63,15.19
22,Kavaratti,IN,2022-07-20 22:44:38,10.5669,72.642,81.05,79,100,19.89
23,Moron,AR,2022-07-20 22:48:16,-34.6534,-58.6198,62.06,72,39,6.4
24,New Norfolk,AU,2022-07-20 22:45:59,-42.7826,147.0587,35.71,84,4,1.79
25,Libertador General San Martin,AR,2022-07-20 22:48:16,-23.8064,-64.7876,61.81,65,85,3.89
26,Mataura,NZ,2022-07-20 22:44:53,-46.1927,168.8643,41.49,85,100,2.84
27,Atar,MR,2022-07-20 22:48:17,20.5169,-13.0499,93.85,22,36,12.12
28,Sovetskiy,RU,2022-07-20 22:48:17,61.3614,63.5842,58.57,86,99,7.31
29,Hermanus,ZA,2022-07-20 22:40:52,-34.4187,19.2345,50.95,70,1,4.32
30,Hobart,AU,2022-07-20 22:43:52,-42.8794,147.3294,36.05,92,0,4.61
31,Faanui,PF,2022-07-20 22:47:20,-16.4833,-151.75,77.94,65,0,9.51
32,Cidreira,BR,2022-07-20 22:41:27,-30.1811,-50.2056,62.17,92,0,17.11
33,Bluff,NZ,2022-07-20 22:40:00,-46.6,168.3333,40.8,71,100,6.62
34,Clyde River,CA,2022-07-20 22:40:06,70.4692,-68.5914,37.63,100,100,9.22
35,Flinders,AU,2022-07-20 22:42:54,-34.5833,150.8552,53.19,94,100,7.0
36,Port Macquarie,AU,2022-07-20 22:47:07,-31.4333,152.9167,57.09,94,100,10.36
37,Severo-Kurilsk,RU,2022-07-20 22:47:25,50.6789,156.125,52.72,97,99,11.3
38,Lamar,US,2022-07-20 22:48:20,33.6668,-95.5836,109.63,35,0,5.75
39,Albany,US,2022-07-20 22:39:50,42.6001,-73.9662,93.16,51,47,4.0
40,Jalu,LY,2022-07-20 22:48:20,29.0331,21.5482,77.2,35,0,14.81
41,Nikolskoye,RU,2022-07-20 22:48:09,59.7035,30.7861,66.87,74,86,8.16
42,Escanaba,US,2022-07-20 22:45:39,45.7453,-87.0646,79.25,53,75,13.8
43,Ust-Maya,RU,2022-07-20 22:48:21,60.4167,134.5333,76.87,56,38,7.65
44,Barrow,US,2022-07-20 22:40:04,71.2906,-156.7887,55.42,54,20,8.05
45,Kapaa,US,2022-07-20 22:39:54,22.0752,-159.319,84.52,71,40,13.8
46,Talnakh,RU,2022-07-20 22:49:22,69.4865,88.3972,54.21,73,100,4.7
47,Port Hardy,CA,2022-07-20 22:44:43,50.6996,-127.4199,62.78,77,20,9.22
48,Basco,PH,2022-07-20 22:49:23,20.4487,121.9702,85.41,77,10,12.82
49,Simplicio Mendes,BR,2022-07-20 22:46:04,-7.8539,-41.9103,79.2,47,12,11.34
50,Nouakchott,MR,2022-07-20 22:49:23,18.0858,-15.9785,78.73,84,99,16.8
51,Keti Bandar,PK,2022-07-20 22:49:24,24.1447,67.4497,82.42,84,90,18.9
52,Pisco,PE,2022-07-20 22:41:03,-13.7,-76.2167,60.85,82,100,8.05
53,Atuona,PF,2022-07-20 22:40:08,-9.8,-139.0333,77.56,75,7,14.74
54,Saldanha,ZA,2022-07-20 22:40:09,-33.0117,17.9442,41.05,66,0,9.86
55,Srednekolymsk,RU,2022-07-20 22:49:25,67.45,153.6833,49.6,64,100,6.96
56,Romny,UA,2022-07-20 22:49:26,50.751,33.4747,54.12,84,3,11.34
57,Bengkulu,ID,2022-07-20 22:42:44,-3.8004,102.2655,75.2,92,56,3.69
58,Kalmunai,LK,2022-07-20 22:49:27,7.4167,81.8167,78.98,85,99,4.43
59,Popondetta,PG,2022-07-20 22:49:27,-8.7537,148.2534,83.8,64,54,0.13
60,Ribeira Grande,PT,2022-07-20 22:42:22,38.5167,-28.7,72.0,88,20,3.44
61,Aasiaat,GL,2022-07-20 22:49:28,68.7098,-52.8699,41.67,76,100,10.02
62,Weihai,CN,2022-07-20 22:49:29,37.5017,122.1136,73.06,83,56,4.74
63,Ambilobe,MG,2022-07-20 22:49:30,-13.2,49.05,69.26,66,14,9.24
64,Punta Arenas,CL,2022-07-20 22:40:44,-53.15,-70.9167,32.02,86,40,18.41
65,Avarua,CK,2022-07-20 22:41:37,-21.2078,-159.775,77.05,61,40,17.27
66,Andilamena,MG,2022-07-20 22:49:31,-17.0167,48.5833,55.53,91,95,11.65
67,Axim,GH,2022-07-20 22:49:31,4.8699,-2.2405,73.08,76,55,8.1
68,Jardim,BR,2022-07-20 22:49:31,-21.4803,-56.1381,74.75,30,24,3.27
69,Seoul,KR,2022-07-20 22:49:32,37.5683,126.9778,69.4,97,100,12.66
70,Mvomero,TZ,2022-07-20 22:49:32,-6.25,38.6667,69.42,86,96,2.91
71,Bumba,CD,2022-07-20 22:49:33,2.1833,22.4667,70.86,96,99,1.23
72,Gorontalo,ID,2022-07-20 22:48:26,0.5412,123.0595,76.19,91,31,2.19
73,Busselton,AU,2022-07-20 22:37:44,-33.65,115.3333,55.72,94,100,8.95
74,Butaritari,KI,2022-07-20 22:49:34,3.0707,172.7902,81.01,80,66,8.48
75,Kysyl-Syr,RU,2022-07-20 22:49:34,63.8986,122.7617,66.6,88,100,7.49
76,Katsuura,JP,2022-07-20 22:49:35,35.1333,140.3,79.52,80,72,8.77
77,Mar Del Plata,AR,2022-07-20 22:37:36,-38.0023,-57.5575,58.87,59,20,17.0
78,Kununurra,AU,2022-07-20 22:49:36,-15.7667,128.7333,55.38,88,79,0.0
79,Port Elizabeth,ZA,2022-07-20 22:41:18,-33.918,25.5701,56.1,92,75,6.91
80,Sungairaya,ID,2022-07-20 22:49:36,0.7,108.9,77.94,89,38,2.39
81,Provideniya,RU,2022-07-20 22:49:37,64.3833,-173.3,44.71,70,100,20.13
82,Faya,SA,2022-07-20 22:49:36,18.3851,42.4509,68.11,49,100,6.76
83,Ahipara,NZ,2022-07-20 22:41:16,-35.1667,173.1667,55.13,75,76,21.36
84,Sao Felix Do Xingu,BR,2022-07-20 22:49:38,-6.6447,-51.995,81.5,41,47,1.28
85,Vitim,RU,2022-07-20 22:49:38,59.4511,112.5578,58.78,93,100,5.86
86,Tombouctou,ML,2022-07-20 22:49:39,20.0,-3.0,91.18,43,59,4.88
87,Nipawin,CA,2022-07-20 22:48:05,53.3668,-104.0009,73.44,43,20,20.71
88,Victoria,HK,2022-07-20 22:40:47,22.2855,114.1577,86.38,81,21,5.99
89,Abu Dhabi,AE,2022-07-20 22:46:23,24.4667,54.3667,95.11,61,0,4.61
90,Bredasdorp,ZA,2022-07-20 22:42:33,-34.5322,20.0403,44.8,88,0,5.12
91,Saint George,US,2022-07-20 22:49:12,37.1041,-113.5841,109.63,14,0,12.66
92,Castro,BR,2022-07-20 22:50:41,-24.7911,-50.0119,57.81,92,1,4.38
93,Chernyshevskiy,RU,2022-07-20 22:50:42,63.0128,112.4714,55.76,84,100,3.31
94,Tevaitoa,PF,2022-07-20 22:50:42,-16.7833,-151.5,77.72,70,0,10.63
95,Mehamn,NO,2022-07-20 22:50:42,71.0357,27.8492,53.55,100,20,0.0
96,Arraial Do Cabo,BR,2022-07-20 22:47:17,-22.9661,-42.0278,71.46,83,40,5.75
97,Pingliang,CN,2022-07-20 22:50:43,35.5392,106.6861,64.35,83,1,3.22
98,Guilin,CN,2022-07-20 22:47:58,25.2819,110.2864,77.11,94,100,0.94
99,Lebu,CL,2022-07-20 22:41:20,-37.6167,-73.65,52.79,96,100,9.64
100,Daye,CN,2022-07-20 22:50:44,30.0833,114.95,78.64,95,100,1.23
101,Waipawa,NZ,2022-07-20 22:50:45,-41.4122,175.5153,47.07,94,100,28.14
102,Verkhoyansk,RU,2022-07-20 22:50:45,67.5447,133.385,50.7,64,99,3.49
103,Guanare,VE,2022-07-20 22:50:46,9.0418,-69.7421,89.62,55,68,4.61
104,Bjornevatn,NO,2022-07-20 22:50:46,69.6672,29.9847,55.74,94,75,0.0
105,Labuhan,ID,2022-07-20 22:47:55,-6.8844,112.2051,74.82,83,7,11.77
106,Ambanja,MG,2022-07-20 22:44:09,-13.6833,48.45,65.16,69,20,3.85
107,Cape Town,ZA,2022-07-20 22:44:09,-33.9258,18.4232,46.9,81,0,3.44
108,Bethel,US,2022-07-20 22:46:12,41.3712,-73.414,93.29,52,0,5.75
109,Fairbanks,US,2022-07-20 22:42:03,64.8378,-147.7164,67.08,53,40,9.22
110,Anadyr,RU,2022-07-20 22:50:48,64.75,177.4833,46.9,65,40,11.18
111,Port Blair,IN,2022-07-20 22:46:12,11.6667,92.75,78.84,94,100,1.14
112,Grand Gaube,MU,2022-07-20 22:44:45,-20.0064,57.6608,68.4,74,94,7.0
113,Kohat,PK,2022-07-20 22:50:49,33.582,71.4493,82.47,58,56,6.17
114,Port Lincoln,AU,2022-07-20 22:50:49,-34.7333,135.8667,52.2,78,65,10.98
115,Tiksi,RU,2022-07-20 22:50:50,71.6872,128.8694,39.63,87,74,20.96
116,Camopi,GF,2022-07-20 22:50:50,3.1655,-52.3158,72.36,96,54,2.8
117,Saint-Philippe,RE,2022-07-20 22:50:51,-21.3585,55.7679,69.39,80,46,12.84
118,Belousovka,KZ,2022-07-20 22:50:51,50.1339,82.5239,65.25,59,75,6.71
119,Pitlochry,GB,2022-07-20 22:50:51,56.7051,-3.7343,56.46,84,39,4.29
120,Farmington,US,2022-07-20 22:50:52,36.7281,-108.2187,101.08,14,0,19.57
121,Hilo,US,2022-07-20 22:49:02,19.7297,-155.09,84.27,76,75,6.91
122,Westport,US,2022-07-20 22:50:52,41.1415,-73.3579,93.02,63,0,12.66
123,Lavrentiya,RU,2022-07-20 22:50:53,65.5833,-171.0,41.34,78,100,26.66
124,Kodinsk,RU,2022-07-20 22:50:53,58.6881,99.1844,56.1,90,86,3.38
125,San Cristobal,VE,2022-07-20 22:48:36,7.7669,-72.225,78.98,84,55,4.45
126,Eureka,US,2022-07-20 22:50:54,40.8021,-124.1637,70.36,71,65,5.99
127,Afikpo,NG,2022-07-20 22:50:54,5.8931,7.9374,72.93,91,100,4.74
128,Dubovka,RU,2022-07-20 22:50:55,49.0583,44.829,68.95,45,68,7.99
129,Nichinan,JP,2022-07-20 22:50:55,31.6,131.3667,82.08,86,100,9.69
130,Manokwari,ID,2022-07-20 22:50:56,-0.8667,134.0833,80.47,74,80,4.81
131,Dingle,PH,2022-07-20 22:43:41,10.9995,122.6711,78.84,86,84,1.28
132,Ugoofaaru,MV,2022-07-20 22:48:23,5.6667,73.0,80.22,77,93,17.49
133,Longyearbyen,SJ,2022-07-20 22:40:49,78.2186,15.6401,49.84,87,75,6.91
134,Muros,ES,2022-07-20 22:50:57,42.7762,-9.0603,68.09,80,5,11.3
135,Petropavlovsk-Kamchatskiy,RU,2022-07-20 22:46:10,53.0452,158.6483,59.59,77,75,4.47
136,Chokurdakh,RU,2022-07-20 22:50:58,70.6333,147.9167,48.34,61,84,8.08
137,Hambantota,LK,2022-07-20 22:51:03,6.1241,81.1185,78.31,85,97,16.84
138,Jamestown,US,2022-07-20 22:41:56,42.097,-79.2353,85.01,53,0,14.97
139,Carnduff,CA,2022-07-20 22:51:58,49.1667,-101.8009,74.37,51,0,15.39
140,Vaini,TO,2022-07-20 22:46:59,-21.2,-175.2,78.96,78,40,9.22
141,Langxiang,CN,2022-07-20 22:51:59,46.95,128.8833,70.25,85,1,1.88
142,Beringovskiy,RU,2022-07-20 22:52:00,63.05,179.3167,43.77,72,99,16.75
143,San Quintin,MX,2022-07-20 22:52:00,30.4833,-115.95,75.42,63,75,13.06
144,Zhuji,CN,2022-07-20 22:52:01,29.7188,120.2423,84.58,78,100,3.94
145,Paita,PE,2022-07-20 22:48:34,-5.0892,-81.1144,65.12,78,22,15.9
146,Kostomuksha,RU,2022-07-20 22:52:01,64.571,30.5767,57.31,90,85,4.83
147,Genhe,CN,2022-07-20 22:52:02,50.7833,121.5167,72.14,60,0,1.7
148,Komsomolskiy,UZ,2022-07-20 22:52:03,40.4272,71.7189,77.72,38,0,4.61
149,Gazanjyk,TM,2022-07-20 22:52:03,39.2446,55.5154,79.68,68,0,10.65
150,East London,ZA,2022-07-20 22:41:04,-33.0153,27.9116,61.65,82,97,4.76
151,Tuktoyaktuk,CA,2022-07-20 22:49:33,69.4541,-133.0374,53.6,82,100,6.91
152,Isangel,VU,2022-07-20 22:52:04,-19.55,169.2667,82.51,78,75,2.3
153,Roald,NO,2022-07-20 22:52:05,62.5833,6.1333,62.17,94,75,4.61
154,Valparaiso,CL,2022-07-20 22:52:06,-33.0393,-71.6273,57.43,81,0,6.91
155,Boke,GN,2022-07-20 22:52:06,10.9409,-14.2967,73.38,98,100,3.18
156,Klaksvik,FO,2022-07-20 22:52:07,62.2266,-6.589,49.12,92,99,18.75
157,Zapolyarnyy,RU,2022-07-20 22:52:07,69.4154,30.8136,54.68,94,65,1.21
158,Sambava,MG,2022-07-20 22:50:17,-14.2667,50.1667,69.06,82,40,13.44
159,Hermiston,US,2022-07-20 22:48:42,45.8404,-119.2895,103.24,18,0,6.91
160,Champerico,GT,2022-07-20 22:47:27,14.3,-91.9167,93.74,74,81,8.48
161,Khatanga,RU,2022-07-20 22:52:09,71.9667,102.5,46.65,66,100,20.33
162,Slave Lake,CA,2022-07-20 22:52:09,55.2834,-114.769,73.38,35,0,16.11
163,Chico,US,2022-07-20 22:52:10,39.7285,-121.8375,106.21,14,0,12.66
164,Talcahuano,CL,2022-07-20 22:52:11,-36.7167,-73.1167,51.48,100,100,9.22
165,Patnos,TR,2022-07-20 22:52:11,39.2336,42.8634,64.9,36,0,1.92
166,Mandan,US,2022-07-20 22:52:12,46.8267,-100.8896,87.37,47,0,17.27
167,Himatnagar,IN,2022-07-20 22:52:13,23.6,72.95,78.87,87,97,10.94
168,Vrangel,RU,2022-07-20 22:52:13,42.7297,133.0839,66.36,86,78,7.56
169,Vila,PT,2022-07-20 22:52:14,42.0304,-8.1588,63.7,70,0,4.88
170,Zhigansk,RU,2022-07-20 22:46:09,66.7697,123.3711,54.19,63,97,14.45
171,College,US,2022-07-20 22:52:15,64.8569,-147.8028,67.06,56,40,9.22
172,Tokur,RU,2022-07-20 22:52:16,53.1333,132.9,56.01,85,100,4.25
173,Miyako,JP,2022-07-20 22:52:16,39.6367,141.9525,75.34,78,65,2.44
174,Kutum,SD,2022-07-20 22:50:08,14.2,24.6667,74.37,63,79,9.1
175,Airai,TL,2022-07-20 22:44:06,-8.9266,125.4092,59.81,88,89,3.56
176,Palmer,US,2022-07-20 22:51:27,42.1584,-72.3287,92.8,55,54,1.25
177,Kaitangata,NZ,2022-07-20 22:44:50,-46.2817,169.8464,42.69,80,100,7.92
178,Opuwo,NA,2022-07-20 22:52:18,-18.0607,13.84,57.9,35,0,5.93
179,Eaglesfield,GB,2022-07-20 22:52:18,54.6406,-3.4044,56.73,85,4,1.99
180,Tottori,JP,2022-07-20 22:50:10,35.5,134.2333,75.27,83,75,5.75
181,Kawalu,ID,2022-07-20 22:53:19,-7.3817,108.2082,71.02,97,89,2.71
182,Alofi,NU,2022-07-20 22:53:20,-19.0595,-169.9187,76.89,69,40,12.66
183,Tasiilaq,GL,2022-07-20 22:53:20,65.6145,-37.6368,37.45,78,73,1.21
184,Padang,ID,2022-07-20 22:53:21,-0.9492,100.3543,73.45,85,67,3.65
185,Lorengau,PG,2022-07-20 22:53:21,-2.0226,147.2712,82.22,74,96,3.83
186,Araouane,ML,2022-07-20 22:53:22,18.9048,-3.5265,88.61,44,85,5.75
187,Mali,GN,2022-07-20 22:53:22,12.079,-12.2982,59.49,96,100,4.36
188,Alice Springs,AU,2022-07-20 22:53:23,-23.7,133.8833,40.55,65,0,2.3
189,Panaba,MX,2022-07-20 22:53:23,21.2833,-88.2667,90.25,51,37,17.38
190,Peniche,PT,2022-07-20 22:52:25,39.3558,-9.3811,67.28,91,2,16.53
191,Bronkhorstspruit,ZA,2022-07-20 22:53:24,-25.8102,28.7425,55.81,61,100,2.57
192,Guerrero Negro,MX,2022-07-20 22:49:09,27.9769,-114.0611,81.7,47,12,16.69
193,Ternate,ID,2022-07-20 22:53:25,0.8,127.4,80.53,79,98,1.66
194,San Miguel,SV,2022-07-20 22:53:25,13.4833,-88.1833,88.52,63,84,1.16
195,Port-Gentil,GA,2022-07-20 22:53:26,-0.7193,8.7815,75.16,88,75,6.91
196,Sola,VU,2022-07-20 22:53:27,-13.8833,167.55,80.73,79,38,20.74
197,Bilibino,RU,2022-07-20 22:53:28,68.0546,166.4372,49.95,51,97,4.29
198,Tabuk,PH,2022-07-20 22:53:28,17.4189,121.4443,78.85,86,76,2.28
199,Garden City,US,2022-07-20 22:53:28,42.3256,-83.331,89.51,49,2,4.0
200,Mersin,TR,2022-07-20 22:53:29,36.862,34.6509,79.11,70,0,9.08
201,Wenling,CN,2022-07-20 22:53:30,28.3669,121.36,81.57,90,87,8.32
202,Northam,GB,2022-07-20 22:53:30,51.0333,-4.2167,61.61,81,8,13.29
203,Nabire,ID,2022-07-20 22:51:31,-3.3667,135.4833,75.78,89,89,4.23
204,Gunzenhausen,DE,2022-07-20 22:53:31,49.1,10.75,73.99,80,100,3.71
205,Hithadhoo,MV,2022-07-20 22:53:32,-0.6,73.0833,81.07,69,98,3.09
206,Conde,BR,2022-07-20 22:53:32,-7.2597,-34.9075,72.86,100,100,9.22
207,Pierre,US,2022-07-20 22:50:46,44.3683,-100.351,97.29,27,0,11.5
208,Abu Samrah,SY,2022-07-20 22:53:33,35.3029,37.1841,75.2,62,0,13.96
209,Kirakira,SB,2022-07-20 22:44:06,-10.4544,161.9205,83.34,73,79,7.4
210,Pevek,RU,2022-07-20 22:53:34,69.7008,170.3133,31.73,87,99,15.88
211,Gimbi,ET,2022-07-20 22:53:34,9.1667,35.8333,54.14,99,100,2.24
212,Hay River,CA,2022-07-20 22:44:03,60.8156,-115.7999,60.76,94,75,12.66
213,Laguna,US,2022-07-20 22:52:50,38.421,-121.4238,106.32,22,0,4.61
214,Trelew,AR,2022-07-20 22:49:29,-43.249,-65.3051,45.88,32,83,25.37
215,Zhangye,CN,2022-07-20 22:53:35,38.9342,100.4517,56.86,86,93,22.7
216,Kushima,JP,2022-07-20 22:53:36,31.4583,131.2333,83.48,85,100,8.63
217,Nadym,RU,2022-07-20 22:53:36,65.5333,72.5167,48.49,70,9,10.31
218,Boa Vista,BR,2022-07-20 22:53:37,2.8197,-60.6733,85.98,62,20,2.3
219,Perth,AU,2022-07-20 22:52:15,-31.9333,115.8333,57.38,96,75,21.85
220,Husavik,IS,2022-07-20 22:47:30,66.0449,-17.3389,45.73,91,100,4.32
221,Bulungu,CD,2022-07-20 22:53:38,-4.55,18.6,77.43,55,66,2.62
222,Port Hawkesbury,CA,2022-07-20 22:53:39,45.6169,-61.3485,75.15,65,0,11.5
223,Sorland,NO,2022-07-20 22:53:39,67.667,12.6934,53.46,86,99,15.3
224,Green River,US,2022-07-20 22:53:40,41.5286,-109.4662,91.8,19,48,5.99
225,Uglovskoye,RU,2022-07-20 22:53:40,51.3557,80.1942,71.35,43,100,14.29
226,North Bend,US,2022-07-20 22:51:48,43.4065,-124.2243,77.23,84,100,18.41
227,Nalut,LY,2022-07-20 22:54:41,30.3333,10.85,82.63,23,0,9.04
228,Upernavik,GL,2022-07-20 22:54:41,72.7868,-56.1549,48.69,68,89,7.02
229,Asau,RO,2022-07-20 22:54:42,46.4333,26.4,68.92,68,15,5.26
230,Laurinburg,US,2022-07-20 22:54:42,34.7741,-79.4628,89.94,73,73,1.99
231,Nishihara,JP,2022-07-20 22:54:43,26.1842,127.7558,85.28,89,20,8.05
232,Falesti,MD,2022-07-20 22:54:44,47.5736,27.7092,71.46,68,13,7.25
233,Sao Joao Da Barra,BR,2022-07-20 22:54:45,-21.6403,-41.0511,68.56,92,7,8.95
234,Paratebueno,CO,2022-07-20 22:54:45,4.3758,-73.2155,72.5,97,97,2.8
235,Kieta,PG,2022-07-20 22:54:46,-6.2167,155.6333,83.17,71,88,3.18
236,Leningradskiy,RU,2022-07-20 22:54:47,69.3833,178.4167,33.28,99,100,20.71
237,Norman Wells,CA,2022-07-20 22:54:48,65.282,-126.8329,77.04,33,75,6.91
238,Takoradi,GH,2022-07-20 22:54:49,4.8845,-1.7554,73.24,75,47,7.72
239,Cacu,BR,2022-07-20 22:52:48,-18.5567,-51.1308,71.51,32,45,5.3
240,Lasa,IT,2022-07-20 22:54:50,46.6166,10.7002,70.36,87,31,3.04
241,Luderitz,NA,2022-07-20 22:54:50,-26.6481,15.1594,56.34,61,5,15.61
242,Ilulissat,GL,2022-07-20 22:54:51,69.2167,-51.1,48.42,66,100,6.35
243,Huntington,US,2022-07-20 22:53:43,38.4193,-82.4452,91.35,71,26,5.66
244,San Andres,CO,2022-07-20 22:54:52,12.5847,-81.7006,86.02,70,40,11.5
245,Fortuna,US,2022-07-20 22:47:28,40.5982,-124.1573,70.09,70,35,3.0
246,Esso,RU,2022-07-20 22:54:52,55.9333,158.7,76.77,48,3,5.64
247,Porbandar,IN,2022-07-20 22:54:53,21.6422,69.6093,80.69,86,69,17.11
248,Nouadhibou,MR,2022-07-20 22:54:54,20.931,-17.0347,69.78,94,40,11.5
249,Chuy,UY,2022-07-20 22:54:55,-33.6971,-53.4616,55.78,96,1,6.71
250,Konya,TR,2022-07-20 22:54:56,38.1667,32.5,60.91,66,0,2.62
251,Brigantine,US,2022-07-20 22:54:56,39.4101,-74.3646,89.04,74,1,15.1
252,Prince Albert,CA,2022-07-20 22:54:57,53.2001,-105.7677,71.55,43,75,23.02
253,Dauriya,RU,2022-07-20 22:54:58,49.9333,116.8667,69.4,69,94,3.8
254,Namibe,AO,2022-07-20 22:44:10,-15.1961,12.1522,62.56,80,1,5.35
255,Singkang,MY,2022-07-20 22:54:59,2.1006,102.7994,74.35,96,85,0.4
256,Lufilufi,WS,2022-07-20 22:54:59,-13.8745,-171.5986,85.78,76,35,24.45
257,Yabelo,ET,2022-07-20 22:55:00,4.8833,38.0833,56.44,81,93,10.67
258,Aksha,RU,2022-07-20 22:55:01,50.2814,113.2867,61.61,84,29,2.28
259,Haines Junction,CA,2022-07-20 22:55:01,60.7522,-137.5108,53.55,58,100,6.91
260,Narsaq,GL,2022-07-20 22:55:02,60.9167,-46.05,52.75,87,75,2.46
261,Maroantsetra,MG,2022-07-20 22:55:02,-15.4333,49.7333,66.02,84,33,2.73
262,Bastos,BR,2022-07-20 22:55:03,-21.9219,-50.7339,73.54,48,52,6.02
263,Baykit,RU,2022-07-20 22:51:02,61.67,96.37,55.6,89,27,2.39
264,Ixtapa,MX,2022-07-20 22:55:04,20.7,-105.2,90.23,73,99,4.0
265,Sao Filipe,CV,2022-07-20 22:55:05,14.8961,-24.4956,76.41,88,75,5.21
266,Meulaboh,ID,2022-07-20 22:55:05,4.1363,96.1285,75.22,84,98,3.13
267,Batouri,CM,2022-07-20 22:55:06,4.4333,14.3667,67.75,98,99,1.92
268,Kelvington,CA,2022-07-20 22:55:07,52.1667,-103.5343,69.48,58,13,16.37
269,Kholtoson,RU,2022-07-20 22:55:07,50.2981,103.3097,51.71,80,98,1.97
270,Shelburne,CA,2022-07-20 22:55:08,44.0787,-80.2041,79.56,72,100,21.21
271,Thompson,CA,2022-07-20 22:55:09,55.7435,-97.8558,68.16,68,75,5.75
272,Severo-Yeniseyskiy,RU,2022-07-20 22:56:09,60.3725,93.0408,50.49,90,60,3.62
273,Port Alfred,ZA,2022-07-20 22:54:16,-33.5906,26.891,55.18,97,99,1.99
274,Magistralnyy,RU,2022-07-20 22:56:10,56.1725,107.4458,56.64,88,67,0.76
275,Sur,OM,2022-07-20 22:56:10,22.5667,59.5289,83.44,77,89,14.81
276,Liloy,PH,2022-07-20 22:56:11,8.1144,122.6594,79.2,83,34,2.35
277,Balky,UA,2022-07-20 22:56:11,47.3834,34.944,66.27,81,86,13.6
278,Sapouy,BF,2022-07-20 22:56:12,11.5544,-1.7736,77.43,73,95,3.6
279,Pangnirtung,CA,2022-07-20 22:56:13,66.1451,-65.7125,50.0,76,100,9.22
280,Bandarbeyla,SO,2022-07-20 22:56:13,9.4942,50.8122,73.89,87,50,25.99
281,Polovinnoye,RU,2022-07-20 22:56:14,54.7914,65.9864,56.82,94,0,7.61
282,Constantine,DZ,2022-07-20 22:56:15,36.365,6.6147,72.81,73,0,2.3
283,Mount Gambier,AU,2022-07-20 22:56:16,-37.8333,140.7667,43.21,75,4,4.61
284,Mago,RU,2022-07-20 22:56:16,53.2514,140.1822,63.84,73,85,4.43
285,Carauari,BR,2022-07-20 22:56:17,-4.8828,-66.8958,78.28,71,97,2.01
286,Ust-Kut,RU,2022-07-20 22:56:17,56.7938,105.7672,56.66,93,69,2.64
287,Omboue,GA,2022-07-20 22:56:18,-1.5746,9.2618,72.64,85,79,5.61
288,Oktyabrskiy,RU,2022-07-20 22:56:18,54.4815,53.471,59.09,76,98,4.79
289,Arman,RU,2022-07-20 22:56:19,59.7,150.1667,64.02,74,13,4.81
290,Aguimes,ES,2022-07-20 22:56:20,27.9054,-15.4461,74.03,65,0,25.32
291,Yar-Sale,RU,2022-07-20 22:56:20,66.8333,70.8333,49.96,68,26,10.29
292,Haapiti,PF,2022-07-20 22:56:21,-17.5667,-149.8667,83.93,70,13,11.03
293,Qasigiannguit,GL,2022-07-20 22:56:21,68.8193,-51.1922,50.11,65,100,5.64
294,Baruun-Urt,MN,2022-07-20 22:56:22,46.6806,113.2792,69.33,57,15,8.08
295,Karratha,AU,2022-07-20 22:56:23,-20.7377,116.8463,65.37,63,4,7.0
296,Semnan,IR,2022-07-20 22:56:24,35.5729,53.3971,82.24,24,0,0.0
297,Comodoro Rivadavia,AR,2022-07-20 22:54:47,-45.8667,-67.5,42.66,36,0,23.02
298,Tuatapere,NZ,2022-07-20 22:56:25,-46.1333,167.6833,44.46,83,100,3.53
299,Auki,SB,2022-07-20 22:56:25,-8.7676,160.7034,84.09,66,100,2.26
300,Tessalit,ML,2022-07-20 22:56:26,20.1986,1.0114,76.14,68,99,10.45
301,Ahuimanu,US,2022-07-20 22:56:27,21.4447,-157.8378,83.91,66,40,18.41
302,Pitimbu,BR,2022-07-20 22:56:28,-7.4706,-34.8086,73.99,87,93,10.89
303,Portland,US,2022-07-20 22:55:09,45.5234,-122.6762,94.87,36,0,7.0
304,Currais Novos,BR,2022-07-20 22:52:11,-6.2608,-36.5178,71.22,84,56,10.92
305,Ciudad Bolivar,VE,2022-07-20 22:56:28,8.1222,-63.5497,81.72,73,84,6.76
306,La Ronge,CA,2022-07-20 22:56:29,55.1001,-105.2842,70.05,43,75,17.27
307,Kashi,CN,2022-07-20 22:56:30,39.4547,75.9797,76.21,22,0,6.71
308,Kodiak,US,2022-07-20 22:55:59,57.79,-152.4072,54.61,78,100,9.93
309,Salalah,OM,2022-07-20 22:56:30,17.0151,54.0924,76.35,98,92,9.42
310,Yumen,CN,2022-07-20 22:56:31,40.2833,97.2,60.42,54,82,16.46
311,Ambulu,ID,2022-07-20 22:56:32,-8.345,113.6058,71.31,90,8,3.69
312,Te Anau,NZ,2022-07-20 22:56:32,-45.4167,167.7167,40.89,89,97,2.8
313,Nome,US,2022-07-20 22:51:38,64.5011,-165.4064,46.47,93,100,18.41
314,Marawi,PH,2022-07-20 22:56:33,7.9986,124.2928,72.36,91,57,1.45
315,Mayumba,GA,2022-07-20 22:56:34,-3.432,10.6554,69.89,94,90,7.02
316,Namatanai,PG,2022-07-20 22:47:27,-3.6667,152.4333,82.76,70,95,6.51
317,Freeport,US,2022-07-20 22:54:19,40.6576,-73.5832,92.75,57,6,7.0
318,Linay,PH,2022-07-20 22:58:42,8.5167,123.1333,79.25,84,61,2.48
319,Taltal,CL,2022-07-20 22:58:43,-25.4,-70.4833,59.65,79,100,3.58
320,Morondava,MG,2022-07-20 22:58:43,-20.2833,44.2833,68.7,77,2,7.25
321,Berlevag,NO,2022-07-20 22:56:34,70.8578,29.0864,55.2,93,75,3.44
322,Alpena,US,2022-07-20 22:58:44,45.0617,-83.4327,77.18,65,55,7.0
323,Lillooet,CA,2022-07-20 22:58:45,50.6856,-121.942,90.73,25,8,5.08
324,Ossora,RU,2022-07-20 22:58:45,59.2353,163.0719,61.14,69,51,4.27
325,Dolinsk,RU,2022-07-20 22:58:46,47.35,142.8,61.02,81,89,8.03
326,Kargopol,RU,2022-07-20 22:58:46,61.5071,38.9456,56.95,99,54,6.78
327,Hillsborough,US,2022-07-20 22:55:25,37.5741,-122.3794,90.32,69,20,27.63
328,Bonthe,SL,2022-07-20 22:58:47,7.5264,-12.505,75.65,85,100,10.4
329,Ketchikan,US,2022-07-20 22:58:48,55.3422,-131.6461,59.32,73,100,6.22
330,Sosnovo-Ozerskoye,RU,2022-07-20 22:58:48,52.5249,111.5418,56.23,76,18,9.46
331,Kismayo,SO,2022-07-20 22:58:49,-0.3582,42.5454,74.62,80,98,16.37
332,Grindavik,IS,2022-07-20 22:58:50,63.8424,-22.4338,51.75,93,40,12.66
333,Tiarei,PF,2022-07-20 22:58:50,-17.5333,-149.3333,84.22,71,2,10.29
334,Naantali,FI,2022-07-20 22:58:51,60.4674,22.0243,62.11,100,0,2.3
335,Constitucion,CL,2022-07-20 22:58:51,-35.3333,-72.4167,51.84,93,4,7.83
336,Dandong,CN,2022-07-20 22:58:52,40.1292,124.3947,70.05,90,93,4.47
337,Yulara,AU,2022-07-20 22:58:52,-25.2406,130.9889,46.15,51,15,10.71
338,Vardo,NO,2022-07-20 22:58:53,70.3705,31.1107,51.78,100,75,3.44
339,Ostrovnoy,RU,2022-07-20 22:57:10,68.0531,39.5131,46.99,96,20,4.83
340,Bambous Virieux,MU,2022-07-20 22:58:54,-20.3428,57.7575,68.25,73,40,14.97
341,Ostersund,SE,2022-07-20 22:58:55,63.1792,14.6357,70.25,60,40,6.91
342,Matagami,CA,2022-07-20 22:58:55,49.7502,-77.6328,69.91,88,75,9.22
343,Iqaluit,CA,2022-07-20 22:58:56,63.7506,-68.5145,47.93,87,75,2.3
344,Tautira,PF,2022-07-20 22:58:57,-17.7333,-149.15,76.53,71,1,9.17
345,Kholm,RU,2022-07-20 22:58:57,59.2667,32.85,60.57,97,11,8.32
346,Najran,SA,2022-07-20 22:58:58,17.4924,44.1277,86.65,53,100,10.49
347,Cabo San Lucas,MX,2022-07-20 22:54:12,22.8909,-109.9124,97.61,61,68,10.92
348,Saint-Francois,FR,2022-07-20 22:55:11,46.4154,3.9054,63.84,82,75,0.0
349,Ranot,TH,2022-07-20 22:58:59,7.7777,100.3213,78.64,84,100,9.82
350,Bonavista,CA,2022-07-20 22:57:04,48.6499,-53.1147,60.75,87,100,26.11
351,Brejo Santo,BR,2022-07-20 22:59:00,-7.4933,-38.9872,79.03,77,18,7.9
352,Tazovskiy,RU,2022-07-20 22:59:01,67.4667,78.7,45.21,89,91,11.77
353,Seybaplaya,MX,2022-07-20 22:59:01,19.65,-90.6667,83.82,73,81,14.81
354,Umm Lajj,SA,2022-07-20 22:59:02,25.0213,37.2685,87.37,55,41,9.35
355,Kulachi,PK,2022-07-20 22:59:03,31.9286,70.4592,96.6,45,0,6.49
356,Elizabeth City,US,2022-07-20 22:54:46,36.2946,-76.2511,93.22,68,58,5.99
357,Merritt Island,US,2022-07-20 22:56:33,28.5392,-80.672,89.1,70,20,14.0
358,Cap Malheureux,MU,2022-07-20 23:00:04,-19.9842,57.6142,68.47,67,93,8.99
359,Yeppoon,AU,2022-07-20 23:00:05,-23.1333,150.7333,58.78,91,100,23.6
360,Rawson,AR,2022-07-20 22:58:00,-43.3002,-65.1023,46.53,36,91,25.81
361,Quelimane,MZ,2022-07-20 22:55:08,-17.8786,36.8883,69.75,94,40,2.3
362,Itarema,BR,2022-07-20 23:00:06,-2.9248,-39.9167,77.9,76,62,13.2
363,Skjervoy,NO,2022-07-20 23:00:06,70.0311,20.9714,60.8,81,99,4.85
364,Vila Franca Do Campo,PT,2022-07-20 22:58:43,37.7167,-25.4333,70.21,87,56,1.63
365,Calabozo,VE,2022-07-20 23:00:08,8.9242,-67.4293,77.45,82,81,1.5
366,Wisconsin Rapids,US,2022-07-20 22:56:25,44.3836,-89.8174,79.18,70,24,1.01
367,Souillac,MU,2022-07-20 23:00:09,-20.5167,57.5167,67.8,75,69,18.5
368,Hobyo,SO,2022-07-20 23:00:10,5.3505,48.5268,75.02,82,33,24.29
369,Yeniseysk,RU,2022-07-20 23:00:11,58.4497,92.1703,52.93,99,20,3.4
370,Artyom,AZ,2022-07-20 22:58:13,40.4723,50.333,77.14,83,0,31.83
371,Necochea,AR,2022-07-20 23:00:12,-38.5473,-58.7368,56.98,59,24,15.88
372,Cayenne,GF,2022-07-20 22:57:06,4.9333,-52.3333,82.09,1,0,2.3
373,Kungurtug,RU,2022-07-20 23:00:14,50.5994,97.5228,49.98,73,100,1.05
374,Korla,CN,2022-07-20 22:56:34,41.7597,86.1469,66.29,52,0,1.41
375,Novyy Urgal,RU,2022-07-20 23:00:14,51.0736,132.5642,60.4,98,100,3.42
376,Aswan,EG,2022-07-20 22:56:52,24.0934,32.907,92.5,18,0,6.91
377,Catuday,PH,2022-07-20 23:00:15,16.2923,119.8062,82.44,77,100,6.89
378,Huoqiu,CN,2022-07-20 23:00:16,32.3394,116.2694,73.98,90,74,4.21
379,Pacific Grove,US,2022-07-20 23:00:16,36.6177,-121.9166,82.24,82,27,7.0
380,Ponta Do Sol,PT,2022-07-20 22:56:34,32.6667,-17.1,72.23,80,7,6.02
381,Vao,NC,2022-07-20 22:59:36,-22.6667,167.4833,73.96,89,99,11.03
382,Krasnoselkup,RU,2022-07-20 23:00:18,65.7,82.4667,52.02,84,100,2.39
383,Margate,GB,2022-07-20 22:58:18,51.3813,1.3862,68.7,81,21,1.99
384,Lompoc,US,2022-07-20 23:00:19,34.6391,-120.4579,93.02,64,22,8.01
385,Santa Ines,BR,2022-07-20 23:00:20,-3.6667,-45.38,76.37,61,39,3.47
386,Yarada,IN,2022-07-20 23:00:20,17.65,83.2667,83.32,76,100,10.58
387,Carnarvon,AU,2022-07-20 23:00:21,-24.8667,113.6333,71.92,76,53,13.85
388,Yarega,RU,2022-07-20 23:00:22,63.4354,53.5765,57.24,79,24,0.89
389,Innisfail,AU,2022-07-20 23:00:22,-17.5333,146.0333,69.49,82,98,5.66
390,Dong Hoi,VN,2022-07-20 23:00:23,17.4833,106.6,79.09,85,34,4.61
391,Pauini,BR,2022-07-20 23:00:24,-7.7136,-66.9764,78.93,53,11,1.41
392,Sumbawanga,TZ,2022-07-20 23:00:25,-7.9667,31.6167,53.78,72,43,5.26
393,Dudinka,RU,2022-07-20 23:00:25,69.4058,86.1778,54.63,81,99,9.66
394,Kiunga,PG,2022-07-20 23:00:25,-6.1219,141.2906,73.33,100,100,1.5
395,Batagay-Alyta,RU,2022-07-20 23:00:26,67.8006,130.4114,42.75,77,100,2.01
396,Caravelas,BR,2022-07-20 22:59:36,-17.7125,-39.2481,71.49,77,1,7.2
397,Dubti,ET,2022-07-20 23:00:27,11.7361,41.0853,84.09,48,100,14.94
398,Mount Isa,AU,2022-07-20 23:00:28,-20.7333,139.5,53.37,37,0,5.75
399,Madingou,CG,2022-07-20 23:00:29,-4.1536,13.55,71.17,79,34,3.36
400,Ginir,ET,2022-07-20 23:00:29,7.1333,40.7,56.39,85,100,8.81
401,Richmond Hill,CA,2022-07-20 22:57:59,43.8711,-79.4372,85.42,61,86,16.13
402,Okhotsk,RU,2022-07-20 22:57:47,59.3833,143.3,60.24,90,100,5.23
403,Kavieng,PG,2022-07-20 23:01:31,-2.5744,150.7967,82.62,77,92,11.23
404,Christchurch,NZ,2022-07-20 22:59:28,-43.5333,172.6333,41.2,93,100,25.32
405,Malanje,AO,2022-07-20 23:01:32,-9.5402,16.341,64.27,60,5,4.05
406,Seymchan,RU,2022-07-20 23:01:32,62.8833,152.4333,46.22,73,100,8.77
407,Hvide Sande,DK,2022-07-20 23:01:33,56.0045,8.1294,62.1,92,16,8.75
408,Saint Anthony,US,2022-07-20 22:57:46,45.0205,-93.218,88.83,40,40,19.57
409,Bocas Del Toro,PA,2022-07-20 23:01:33,9.3333,-82.25,78.55,85,100,6.96
410,Cabedelo,BR,2022-07-20 23:01:34,-6.9811,-34.8339,74.82,87,87,10.02
411,Lagoa,PT,2022-07-20 23:01:35,39.05,-27.9833,71.58,82,8,3.6
412,Jilib,SO,2022-07-20 23:01:35,0.4883,42.7854,70.2,89,100,5.03
413,Aksay,RU,2022-07-20 23:01:36,47.26,39.87,68.25,63,4,11.01
414,Mae Sot,TH,2022-07-20 23:01:37,16.7167,98.5667,77.41,98,100,1.63
415,Aklavik,CA,2022-07-20 23:01:38,68.2191,-135.0107,68.22,45,100,8.86
416,Jawhar,SO,2022-07-20 23:01:38,2.7809,45.5005,72.12,85,51,14.99
417,Emba,KZ,2022-07-20 23:01:39,48.8264,58.1442,69.75,45,98,4.7
418,Hope,US,2022-07-20 23:00:43,33.6671,-93.5916,104.07,31,95,5.12
419,Fukue,JP,2022-07-20 23:01:40,32.6881,128.8419,81.12,92,100,19.17
420,Hofn,IS,2022-07-20 23:01:40,64.2539,-15.2082,52.3,74,100,5.97
421,Saint-Joseph,RE,2022-07-20 23:01:41,-21.3667,55.6167,68.38,77,29,13.96
422,Gunjur,GM,2022-07-20 23:01:41,13.2019,-16.7339,76.95,91,100,9.82
423,Odweyne,SO,2022-07-20 23:01:42,9.4092,45.064,70.05,57,62,22.62
424,Yanji,CN,2022-07-20 22:59:24,42.9075,129.5078,68.22,97,96,2.33
425,Russell,US,2022-07-20 23:01:43,32.3502,-85.1999,90.63,74,79,5.32
426,Maiduguri,NG,2022-07-20 23:01:44,11.8464,13.1603,74.07,75,66,4.14
427,Praia Da Vitoria,PT,2022-07-20 23:01:32,38.7333,-27.0667,71.76,93,50,2.64
428,Hasaki,JP,2022-07-20 23:01:45,35.7333,140.8333,82.29,77,99,6.4
429,Bousse,BF,2022-07-20 23:01:46,12.6606,-1.8922,77.76,75,20,7.27
430,Jining,CN,2022-07-20 23:01:46,35.405,116.5814,72.19,91,54,4.45
431,Rio Gallegos,AR,2022-07-20 23:01:47,-51.6226,-69.2181,31.96,72,100,24.2
432,New Iberia,US,2022-07-20 23:01:48,30.0035,-91.8187,93.2,55,75,13.8
433,Honggang,CN,2022-07-20 23:01:49,46.4667,124.8667,76.62,71,88,4.79
434,Atikokan,CA,2022-07-20 23:01:50,48.7555,-91.6216,81.63,39,64,10.45
435,Road Town,VG,2022-07-20 22:57:51,18.4167,-64.6167,84.24,74,40,13.8
436,Sitka,US,2022-07-20 23:01:51,57.0531,-135.33,53.49,82,100,8.05
437,Betafo,MG,2022-07-20 23:01:51,-19.8333,46.85,53.42,78,64,8.01
438,Tasquillo,MX,2022-07-20 23:01:52,20.55,-99.3,85.8,28,19,17.16
439,Soyalo,MX,2022-07-20 23:01:52,16.9,-92.9167,72.25,71,99,3.2
440,Dafeng,CN,2022-07-20 23:01:53,23.4517,108.5881,78.48,91,98,2.62
441,Cayhagan,PH,2022-07-20 23:01:53,9.6697,122.4256,80.44,80,71,1.45
442,Rio Grande,BR,2022-07-20 23:00:02,-32.035,-52.0986,60.94,91,0,10.71
443,Palauig,PH,2022-07-20 23:01:54,15.435,119.9045,82.85,75,99,3.94
444,Iquitos,PE,2022-07-20 23:01:55,-3.7481,-73.2472,73.69,95,48,0.78
445,Warner Robins,US,2022-07-20 23:01:55,32.621,-83.5999,86.04,73,0,11.5
446,Mashhad,IR,2022-07-20 23:01:55,36.297,59.6062,75.34,41,0,6.91
447,Wagar,SD,2022-07-20 23:01:56,16.1525,36.2032,76.32,72,100,22.08
448,Naumburg,DE,2022-07-20 22:58:32,51.15,11.8167,83.93,40,79,13.15
449,Pleasanton,US,2022-07-20 23:02:57,37.6624,-121.8747,99.34,35,0,12.66
450,Ormara,PK,2022-07-20 23:02:58,25.2088,64.6357,82.9,84,100,17.9
451,Surabaya,ID,2022-07-20 23:00:04,-7.2492,112.7508,75.15,88,40,2.3
452,Tuy Hoa,VN,2022-07-20 23:00:54,13.0833,109.3,74.5,94,100,3.65
453,Kemijarvi,FI,2022-07-20 23:02:58,66.7131,27.4306,54.52,91,68,1.39
454,Neftcala,AZ,2022-07-20 23:02:59,39.3742,49.2472,78.91,58,0,12.01
455,Canutama,BR,2022-07-20 23:02:59,-6.5339,-64.3831,79.7,49,10,1.45
456,Rincon,US,2022-07-20 23:00:09,32.296,-81.2354,91.24,48,45,8.34
457,Grand-Santi,GF,2022-07-20 23:03:00,4.25,-54.3833,75.58,79,63,2.55
458,Plettenberg Bay,ZA,2022-07-20 23:03:01,-34.0527,23.3716,52.92,86,41,5.48
459,Thinadhoo,MV,2022-07-20 23:01:39,0.5333,72.9333,80.51,76,100,9.42
460,Berdigestyakh,RU,2022-07-20 23:03:02,62.0989,126.6992,64.27,98,100,4.97
461,Diffa,NE,2022-07-20 23:03:02,13.3154,12.6113,78.67,67,60,7.92
462,Touros,BR,2022-07-20 23:03:03,-5.1989,-35.4608,74.62,85,84,10.02
463,Sungaipenuh,ID,2022-07-20 23:03:04,-2.0833,101.3833,61.97,95,83,2.42
464,Camacha,PT,2022-07-20 23:03:04,33.0833,-16.3333,67.42,78,75,10.36
465,Vossevangen,NO,2022-07-20 23:03:05,60.623,6.4229,62.55,95,100,1.88
466,Yerbogachen,RU,2022-07-20 23:03:05,61.2767,108.0108,58.41,88,93,3.98
467,Mackay,AU,2022-07-20 23:03:06,-21.15,149.2,64.69,92,100,17.81
468,Nelson Bay,AU,2022-07-20 23:03:07,-32.7167,152.15,62.11,74,88,15.01
469,Kholodnyy,RU,2022-07-20 23:03:08,62.7167,147.95,58.14,83,100,5.35
470,Bontang,ID,2022-07-20 23:00:06,0.1333,117.5,77.22,90,10,4.0
471,Abalak,RU,2022-07-20 23:03:09,58.1286,68.5944,59.36,97,100,1.86
472,Geraldton,AU,2022-07-20 23:00:08,-28.7667,114.6,63.01,94,100,24.16
473,Garowe,SO,2022-07-20 23:03:09,8.4054,48.4845,77.18,43,62,13.8
474,Esperance,AU,2022-07-20 22:59:06,-33.8667,121.9,59.74,66,100,20.62
475,Eyl,SO,2022-07-20 23:03:10,7.9803,49.8164,74.52,79,29,16.04
476,Orotukan,RU,2022-07-20 23:03:11,62.2667,151.7,47.79,79,100,4.65
477,Ryotsu,JP,2022-07-20 23:03:12,38.0833,138.4333,74.7,78,100,3.29
478,Koulikoro,ML,2022-07-20 23:03:12,14.0,-7.75,76.06,82,100,5.41
479,Kedougou,SN,2022-07-20 23:03:13,12.5579,-12.1743,75.43,84,100,6.58
480,Paka,MY,2022-07-20 23:03:13,4.6374,103.4368,76.62,91,98,4.0
481,Virginia Beach,US,2022-07-20 23:00:26,36.8529,-75.978,93.06,60,64,3.0
482,Shingu,JP,2022-07-20 23:03:14,33.7333,135.9833,83.79,65,79,1.25
483,Lannion,FR,2022-07-20 23:03:15,48.75,-3.4167,60.15,82,95,10.29
484,Yidu,CN,2022-07-20 23:03:15,24.1614,115.1328,78.33,88,81,1.63
485,Debre Tabor,ET,2022-07-20 23:03:16,11.85,38.0167,51.08,94,100,2.24
486,Kaeo,NZ,2022-07-20 23:03:17,-35.1,173.7833,57.33,85,40,14.88
487,Adamantina,BR,2022-07-20 23:03:17,-21.6853,-51.0725,72.84,41,30,6.89
488,Malakal,SS,2022-07-20 23:03:18,9.5334,31.6605,73.15,89,100,2.24
489,Batticaloa,LK,2022-07-20 23:03:19,7.7102,81.6924,79.39,84,63,3.74
490,Cieza,ES,2022-07-20 23:03:19,38.24,-1.4199,78.62,83,0,3.13
491,San Rafael,AR,2022-07-20 23:00:40,-34.6177,-68.3301,59.5,18,0,9.89
492,Wilmington,US,2022-07-20 23:03:20,34.2257,-77.9447,86.92,83,100,3.44
493,Pavullo Nel Frignano,IT,2022-07-20 23:03:21,44.3315,10.835,73.35,51,0,5.35
494,Tezu,IN,2022-07-20 23:03:22,27.9167,96.1667,75.92,98,100,1.77
495,Japura,ID,2022-07-20 23:03:23,-0.3167,102.35,73.24,99,99,2.66
496,Chara,RU,2022-07-20 23:04:23,56.9064,118.2631,63.82,89,94,2.15
497,Bocanda,CI,2022-07-20 23:04:24,7.0626,-4.4995,71.4,84,76,4.29
498,San Angelo,US,2022-07-20 23:02:11,31.4638,-100.437,103.95,27,74,5.01
499,Porto Velho,BR,2022-07-20 23:03:50,-8.7619,-63.9039,80.65,57,0,2.3
500,Shimoda,JP,2022-07-20 23:04:21,34.6667,138.95,81.25,79,95,8.46
501,Tukrah,LY,2022-07-20 23:04:25,32.5341,20.5791,76.19,68,0,10.18
502,Chapais,CA,2022-07-20 23:02:44,49.7834,-74.8492,74.26,58,89,4.63
503,Zonguldak,TR,2022-07-20 23:04:26,41.25,31.8333,53.85,89,0,4.68
504,Taksimo,RU,2022-07-20 23:04:27,56.3444,114.8794,62.58,94,100,4.43
505,Deputatskiy,RU,2022-07-20 23:04:27,69.3,139.9,40.91,83,90,7.45
506,Kabo,CF,2022-07-20 23:04:28,7.6994,18.629,70.05,99,79,3.29
507,San Patricio,US,2022-07-20 23:04:29,28.017,-97.5169,94.17,54,23,20.29
508,Wad Rawah,SD,2022-07-20 23:04:29,15.1603,33.1397,77.85,63,95,20.0
509,Abbeville,FR,2022-07-20 23:00:27,50.1,1.8333,64.49,94,53,6.2
510,Conakry,GN,2022-07-20 23:04:30,9.538,-13.6773,76.87,86,100,7.72
511,Vostok,RU,2022-07-20 23:04:31,46.4856,135.8833,66.74,90,24,1.5
512,Nizwa,OM,2022-07-20 23:04:32,22.9333,57.5333,81.27,82,95,2.91
513,Turka,UA,2022-07-20 23:04:33,49.1541,23.0297,64.15,91,0,1.14
514,San Policarpo,PH,2022-07-20 23:04:34,12.1791,125.5072,82.9,78,93,3.78
515,Kerman,IR,2022-07-20 23:04:34,30.2832,57.0788,78.21,13,0,1.99
516,Inverness,GB,2022-07-20 23:04:35,57.4791,-4.224,58.91,88,75,9.22
517,Trinidad,BO,2022-07-20 23:04:35,-14.8333,-64.9,80.58,65,19,0.0
518,Hamilton,US,2022-07-20 23:00:51,39.1834,-84.5333,92.95,68,8,5.01
519,Sobolevo,RU,2022-07-20 23:04:36,54.4299,31.8996,59.04,62,96,14.38
520,Bathsheba,BB,2022-07-20 23:04:36,13.2167,-59.5167,81.21,94,20,11.5
521,Hami,CN,2022-07-20 23:04:02,42.8,93.45,64.02,58,20,6.49
522,Dongsheng,CN,2022-07-20 23:04:37,39.8161,109.9776,70.41,43,2,6.53
523,Poum,NC,2022-07-20 23:04:38,-20.2333,164.0167,77.13,82,97,12.57
524,Rabak,SD,2022-07-20 23:04:38,13.1809,32.74,73.04,91,100,18.86
525,Lida,BY,2022-07-20 23:04:39,53.8833,25.2997,52.88,92,0,7.11
526,Torma,EE,2022-07-20 23:04:40,58.8128,26.7383,56.08,85,22,7.25
527,Benghazi,LY,2022-07-20 23:01:30,32.1167,20.0667,77.49,67,0,10.47
528,Kendari,ID,2022-07-20 23:02:53,-3.945,122.4989,75.69,93,18,1.66
529,Segezha,RU,2022-07-20 23:04:41,63.7415,34.3222,56.93,85,0,8.5
530,Wajima,JP,2022-07-20 23:04:42,37.4,136.9,74.84,84,100,5.39
531,Boueni,YT,2022-07-20 23:04:43,-12.9025,45.0761,67.98,62,1,3.62
532,Malaryta,BY,2022-07-20 23:04:43,51.7905,24.074,57.58,88,45,3.74
533,Alta Floresta,BR,2022-07-20 23:00:10,-9.8756,-56.0861,76.91,35,0,1.83
534,Sindor,RU,2022-07-20 23:04:44,62.8629,51.8905,54.95,96,14,3.09
535,Cherepovets,RU,2022-07-20 23:02:37,59.1333,37.9,56.08,96,69,8.55
